id;user_name;reply;replied_date
1;Industrial systematic;Regional workforce;2019-12-25T10:26:04
2;Corporate orchestration;New Hampshire Berkshire Implementation;2019-12-26T09:57:25
3;Beauty;Cambridgeshire Delaware synthesizing;2019-12-26T06:17:33
4;turquoise granular optical;Steel synthesize Stand-alone;2019-12-26T07:34:44
5;transmit;clear-thinking Music;2019-12-25T17:42:48
6;visualize;back up Sleek Frozen Table New Mexico;2019-12-25T12:31:02
7;Plastic Street;groupware invoice;2019-12-26T04:19:54
8;Bermuda Turkey SSL;Berkshire back-end synthesizing;2019-12-26T09:22:34
9;Berkshire;Checking Account;2019-12-25T21:42:38
10;green drive e-services;Borders Money Market Account;2019-12-25T20:48:16
