id;pincode;house_no_or_building_name;road_name_area_or_street;city;state;landmark;address_type
1;mission-critical;SAS Frozen;HTTP;Port Pearlineburgh;Soft redundant;Belgium;action-items
2;solutions Marketing ivory;Tennessee;Colorado;Schultzbury;optical platforms;Shirt;Decentralized
3;black;alarm bricks-and-clicks Metrics;Swaziland Branding;Pfannerstillton;Executive Grocery;Ergonomic ubiquitous;B2B didactic Licensed
4;Savings Account Glens Intelligent;Frozen parsing asynchronous;SMTP;Boganstad;Cook Islands AGP;Director;Yen Baby
5;Credit Card Account;Belize;France;Douglaschester;frictionless seize Buckinghamshire;Gorgeous Representative Frozen;Rustic Granite Mouse
6;RSS Plastic;Computer;web-enabled Identity Tools;Macejkovicmouth;Crescent Indiana;orange;transmitting
7;leading-edge overriding Soft;Multi-channelled B2C;HDD gold;Conroyburgh;Intelligent Frozen Pants Computer;Handcrafted;hacking green Tasty Rubber Chair
8;turquoise ubiquitous;Cambridgeshire;Central;Jacklynville;hierarchy;maximize Lithuanian Litas;monitoring Tennessee
9;client-server;Administrator deposit;Gateway multi-byte;Dorotheafort;red;deposit;6th generation 1080p
10;Dobra Planner orchid;Guinea-Bissau transmit Ergonomic;input Branding feed;North Darioborough;Borders deposit feed;Practical Cotton Ball microchip Money Market Account;XSS Thailand transmitting
