id;user_name;rating;review;date
1;e-markets;52353;grid-enabled;2019-12-25T19:23:40
2;Chips intermediate Regional;53437;East Caribbean Dollar;2019-12-25T20:28:59
3;Fresh transmitter Steel;76054;microchip navigating;2019-12-26T01:34:39
4;Virtual Handcrafted Concrete Table neural;73765;homogeneous;2019-12-25T22:03:05
5;monetize;31465;Unbranded;2019-12-25T14:56:32
6;Books China deposit;10857;SCSI Glens purple;2019-12-26T00:18:14
7;bypassing Frozen;47492;reboot;2019-12-25T12:53:08
8;HDD open-source;34946;deposit;2019-12-25T16:11:22
9;Manat capacity Grocery;37435;explicit Legacy Gorgeous;2019-12-25T11:10:13
10;Palestinian Territory bus Malaysian Ringgit;60705;Keyboard 1080p;2019-12-25T21:26:02
